year,fitnessdax_rank,matched_company,ticker,index,participants,races_entered,top_20_pace,top_20_pace_formatted,median_pace,median_pace_formatted,median_pace_rank,average_pace_formatted,fastest_pace_formatted,slowest_pace_formatted,endurance_multiple,endurance_multiple_rank,yearly_return_pct,sector,cluster,germany_employees_estimate,participation_rate,participation_rate_pct
2023,1.0,Adidas,ADS.DE,DAX,71.0,1.0,3.595628415300547,3:36/km,4.494535519125684,4:30/km,1.0,4:37/km,2:54/km,8:16/km,0.412,11.0,44.82,Consumer,Consumer Lifestyle,6000,0.011833333333333333,1.1833333333333333
2023,26.0,Airbus,AIR.DE,DAX,553.0,2.0,4.876666666666667,4:53/km,5.987134502923976,5:59/km,20.0,6:19/km,3:31/km,12:26/km,0.458,6.0,24.79,Industrials,Engineering Giants,18000,0.030722222222222224,3.0722222222222224
2023,27.0,Allianz,ALV.DE,DAX,1049.0,4.0,4.9002732240437155,4:54/km,6.333333333333334,6:20/km,32.0,6:36/km,3:31/km,11:22/km,0.477,5.0,25.64,Finance,Corporate Marathoners,45000,0.023311111111111112,2.3311111111111114
2023,31.0,Amadeus Fire,AAD.DE,SDAX,96.0,4.0,5.016,5:01/km,7.038011695906432,7:02/km,35.0,7:12/km,4:04/km,12:33/km,0.282,29.0,9.92,Professional Services,Office Athletes,4200,0.022857142857142857,2.2857142857142856
2023,15.0,Aurubis,NDA.DE,MDAX,42.0,1.0,4.677666666666666,4:41/km,5.692333333333334,5:42/km,7.0,5:48/km,4:11/km,7:52/km,0.285,28.0,-3.29,Materials,Heavy Industry,7000,0.006,0.6
2023,13.0,BMW,BMW.DE,DAX,1383.0,2.0,4.624269005847953,4:37/km,5.849415204678363,5:51/km,13.0,6:04/km,3:15/km,11:15/km,0.537,3.0,27.45,Automotive,Mobility Machines,88000,0.01571590909090909,1.571590909090909
2023,23.0,Bayer,BAYN.DE,DAX,1119.0,2.0,4.832748538011695,4:50/km,6.312865497076023,6:19/km,31.0,6:35/km,3:31/km,13:18/km,0.483,4.0,-29.21,Healthcare,Factory Endurance,35000,0.031971428571428574,3.1971428571428575
2023,,Borussia Dortmund,BVB.DE,,,,,,,,,,,,,,-5.91,Media,Performance Culture,1000,,
2023,34.0,CANCOM,COK.DE,SDAX,26.0,2.0,5.194166666666666,5:12/km,6.160666666666667,6:10/km,28.0,6:20/km,4:47/km,10:09/km,0.23,35.0,8.28,Technology,Office Athletes,4000,0.0065,0.65
2023,,CENIT,CSH.DE,,,,,,,,,,,,,,4.41,Technology,Office Athletes,900,,
2023,,CTS Eventim,EVD.DE,,,,,,,,,,,,,,7.47,Media,Content Machines,3500,,
2023,12.0,Carl Zeiss Meditec,AFX.DE,MDAX,47.0,1.0,4.616520467836257,4:37/km,5.491520467836257,5:29/km,5.0,5:52/km,4:03/km,9:31/km,0.304,25.0,-15.32,Healthcare,Precision Engineers,5000,0.0094,0.9400000000000001
2023,,Commerzbank,CBK.DE,,,,,,,,,,,,,,23.47,Finance,Corporate Marathoners,36000,,
2023,9.0,Continental,CON.DE,DAX,114.0,6.0,4.557377049180328,4:33/km,6.0253907103825135,6:02/km,22.0,6:30/km,3:36/km,12:28/km,0.341,20.0,33.3,Automotive,Factory Endurance,32000,0.0035625,0.35625
2023,20.0,Covestro,1COV.DE,DAX,271.0,1.0,4.763,4:46/km,5.876666666666667,5:53/km,15.0,6:13/km,3:47/km,14:02/km,0.414,9.0,,Chemicals,Factory Endurance,8000,0.033875,3.3875
2023,32.0,DEUTZ,DEZ.DE,SDAX,272.0,1.0,5.096666666666667,5:06/km,6.146166666666668,6:09/km,27.0,6:26/km,3:55/km,12:47/km,0.396,13.0,19.99,Industrials,Heavy Industry,5000,0.0544,5.4399999999999995
2023,,Dermapharm,DMP.DE,,,,,,,,,,,,,,14.44,Healthcare,Care Providers,3000,,
2023,,Deutsche Bank,DBK.DE,,,,,,,,,,,,,,16.64,Finance,Corporate Marathoners,38000,,
2023,17.0,Deutsche Post,DHL.DE,DAX,204.0,4.0,4.747953216374269,4:45/km,5.987633879781421,5:59/km,21.0,6:07/km,2:51/km,9:29/km,0.386,15.0,24.58,Logistics,Corporate Marathoners,190000,0.0010736842105263159,0.10736842105263159
2023,11.0,Deutsche Telekom,DTE.DE,DAX,332.0,4.0,4.612021857923497,4:37/km,5.87719298245614,5:53/km,16.0,6:08/km,3:23/km,10:41/km,0.429,7.0,18.47,Telecom,Connected Operators,90000,0.0036888888888888887,0.3688888888888889
2023,14.0,E.ON,EOAN.DE,DAX,83.0,2.0,4.63421052631579,4:38/km,5.921345029239766,5:55/km,18.0,6:06/km,3:59/km,9:21/km,0.324,23.0,34.02,Energy,Grid Operators,47000,0.0017659574468085106,0.17659574468085107
2023,,Elmos Semiconductor,ELG.DE,,,,,,,,,,,,,,40.92,Technology,Precision Engineers,1400,,
2023,35.0,EnBW,EBK.DE,Other,32.0,2.0,5.244444444444444,5:15/km,6.333833333333333,6:20/km,33.0,6:23/km,4:24/km,8:18/km,0.238,34.0,-10.13,Energy,Grid Operators,28000,0.001142857142857143,0.1142857142857143
2023,,Evonik,EVK.DE,,,,,,,,,,,,,,6.98,Chemicals,Factory Endurance,21000,,
2023,36.0,Fresenius,FRE.DE,DAX,66.0,2.0,5.4315,5:26/km,7.396999999999999,7:24/km,36.0,8:05/km,4:33/km,14:07/km,0.246,32.0,9.79,Healthcare,Care Providers,90000,0.0007333333333333333,0.07333333333333333
2023,,GEA,G1A.DE,,,,,,,,,,,,,,1.77,Industrials,Engineering Giants,9000,,
2023,,Gerresheimer,GXI.DE,,,,,,,,,,,,,,48.09,Healthcare,Precision Engineers,5000,,
2023,7.0,HelloFresh,HFG.DE,MDAX,57.0,1.0,4.51125730994152,4:31/km,5.837426900584795,5:50/km,12.0,5:56/km,3:55/km,10:20/km,0.301,26.0,-32.21,Consumer,Digital Hustlers,4000,0.01425,1.425
2023,,Henkel,HEN3.DE,,,,,,,,,,,,,,14.53,Consumer,Consumer Lifestyle,9000,,
2023,37.0,Hochtief,HOT.DE,MDAX,29.0,1.0,5.716520467836257,5:43/km,8.289473684210526,8:17/km,37.0,7:53/km,4:42/km,9:13/km,0.176,37.0,95.5,Industrials,Infrastructure Operators,5000,0.0058,0.58
2023,16.0,Infineon,IFX.DE,DAX,330.0,2.0,4.686695906432748,4:41/km,6.098830409356725,6:06/km,25.0,6:15/km,3:42/km,11:56/km,0.413,10.0,32.89,Technology,Precision Engineers,20000,0.0165,1.6500000000000001
2023,29.0,Knorr-Bremse,KBX.DE,DAX,96.0,1.0,4.969005847953216,4:58/km,5.923391812865496,5:55/km,19.0,6:13/km,3:55/km,9:44/km,0.335,22.0,17.29,Industrials,Engineering Giants,15000,0.0064,0.64
2023,,LPKF Laser & Electronics,LPK.DE,,,,,,,,,,,,,,0.1,Technology,Precision Engineers,800,,
2023,10.0,MTU Aero Engines,MTX.DE,DAX,258.0,1.0,4.582163742690058,4:35/km,5.73391812865497,5:44/km,9.0,5:49/km,3:26/km,10:03/km,0.421,8.0,-4.11,Industrials,Precision Engineers,12000,0.0215,2.15
2023,,Mercedes-Benz,MBG.DE,,,,,,,,,,,,,,5.91,Automotive,Mobility Machines,95000,,
2023,,Merck,MRK.DE,,,,,,,,,,,,,,-18.85,Healthcare,Precision Engineers,13000,,
2023,,Munich Re,MUV2.DE,,,,,,,,,,,,,,27.86,Finance,Corporate Marathoners,12000,,
2023,,OVB Holding,O4B.DE,,,,,,,,,,,,,,-12.13,Finance,Corporate Marathoners,700,,
2023,2.0,Puma,PUM.DE,MDAX,83.0,1.0,3.9125683060109298,3:55/km,4.918032786885246,4:55/km,2.0,4:57/km,3:06/km,7:00/km,0.39,14.0,-8.98,Consumer,Consumer Lifestyle,2500,0.0332,3.32
2023,,Qiagen,QIA.DE,,,,,,,,,,,,,,-13.67,Healthcare,Precision Engineers,1000,,
2023,19.0,RTL Group,RRTL.DE,MDAX,149.0,3.0,4.760815789473684,4:46/km,6.029333333333333,6:02/km,24.0,6:04/km,3:51/km,9:50/km,0.36,17.0,-6.16,Media,Content Machines,2000,0.0745,7.449999999999999
2023,18.0,RWE,RWE.DE,DAX,85.0,4.0,4.751572327044025,4:45/km,5.763,5:46/km,11.0,5:57/km,3:08/km,9:18/km,0.335,21.0,1.17,Energy,Grid Operators,11000,0.007727272727272728,0.7727272727272727
2023,28.0,Rheinmetall,RHM.DE,DAX,41.0,1.0,4.950584795321637,4:57/km,6.296783625730994,6:18/km,30.0,6:37/km,4:24/km,9:49/km,0.256,31.0,48.14,Industrials,Heavy Industry,16000,0.0025625,0.25625000000000003
2023,24.0,SAP,SAP.DE,DAX,87.0,4.0,4.8453216374269,4:51/km,6.128654970760233,6:08/km,26.0,6:18/km,4:15/km,10:56/km,0.316,24.0,45.61,Technology,Office Athletes,20000,0.00435,0.43499999999999994
2023,,Schaeffler,SHA0.DE,,,,,,,,,,,,,,-8.3,Automotive,Factory Endurance,45000,,
2023,8.0,Siemens,SIE.DE,DAX,2508.0,7.0,4.5117510305819195,4:31/km,5.73640350877193,5:44/km,10.0,5:57/km,3:09/km,12:51/km,0.593,1.0,34.72,Industrials,Engineering Giants,86000,0.02916279069767442,2.916279069767442
2023,5.0,Siemens Energy,ENR.DE,DAX,1138.0,6.0,4.359517304189435,4:22/km,5.44672131147541,5:27/km,4.0,5:43/km,3:09/km,12:51/km,0.561,2.0,-30.19,Energy,Engineering Giants,27000,0.04214814814814815,4.214814814814815
2023,,TRATON,8TRA.DE,,,,,,,,,,,,,,53.34,Automotive,Mobility Machines,8000,,
2023,,TUI,TUI1.DE,,,,,,,,,,,,,,-15.91,Consumer,Mobility Machines,10000,,
2023,22.0,Talanx,TLX.DE,MDAX,127.0,1.0,4.790666666666667,4:47/km,5.912333333333334,5:55/km,17.0,6:14/km,4:12/km,10:56/km,0.356,18.0,53.47,Finance,Corporate Marathoners,12000,0.010583333333333333,1.0583333333333333
2023,,TeamViewer,TMV.DE,,,,,,,,,,,,,,16.68,Technology,Office Athletes,700,,
2023,3.0,UmweltBank,UBK.DE,Other,34.0,1.0,4.166666666666667,4:10/km,5.355191256830601,5:21/km,3.0,5:17/km,3:43/km,7:24/km,0.286,27.0,-42.22,Finance,Sustainable Finance,350,0.09714285714285714,9.714285714285714
2023,33.0,Uniper,UN0.DE,SDAX,43.0,1.0,5.143333333333333,5:09/km,6.246666666666667,6:15/km,29.0,6:29/km,3:51/km,9:40/km,0.261,30.0,-6.75,Energy,Grid Operators,7000,0.006142857142857143,0.6142857142857142
2023,,United Internet,UTDI.DE,,,,,,,,,,,,,,24.58,Telecom,Connected Operators,11000,,
2023,4.0,Villeroy & Boch,VIB3.DE,SDAX,115.0,1.0,4.339622641509434,4:20/km,5.553459119496855,5:33/km,6.0,5:57/km,3:34/km,10:49/km,0.371,16.0,11.88,Consumer,Consumer Lifestyle,4500,0.025555555555555557,2.555555555555556
2023,25.0,Volkswagen,VOW3.DE,DAX,30.0,1.0,4.848976608187134,4:51/km,6.02704678362573,6:02/km,23.0,6:10/km,4:37/km,9:16/km,0.245,33.0,0.05,Automotive,Mobility Machines,295000,0.00010169491525423729,0.010169491525423728
2023,30.0,Vonovia,VNA.DE,DAX,23.0,1.0,5.0134502923976605,5:01/km,7.023684210526315,7:01/km,34.0,7:09/km,4:05/km,9:08/km,0.194,36.0,31.51,Real Estate,Infrastructure Operators,12000,0.0019166666666666666,0.19166666666666665
2023,6.0,Wacker Chemie,WCH.DE,MDAX,98.0,1.0,4.393567251461988,4:24/km,5.732163742690059,5:44/km,8.0,5:58/km,3:11/km,11:26/km,0.347,19.0,2.11,Chemicals,Factory Endurance,8000,0.01225,1.225
2023,21.0,adesso,ADN1.DE,SDAX,232.0,4.0,4.789766081871345,4:47/km,5.87046783625731,5:52/km,14.0,6:09/km,3:42/km,11:01/km,0.403,12.0,-19.84,Technology,Office Athletes,10000,0.0232,2.32
2023,,grenke,GLJ.DE,,,,,,,,,,,,,,23.51,Finance,Corporate Marathoners,2200,,
2023,,thyssenkrupp,TKA.DE,,,,,,,,,,,,,,10.69,Industrials,Heavy Industry,48000,,
2024,,Adidas,ADS.DE,,,,,,,,,,,,,,30.35,Consumer,Consumer Lifestyle,6000,,
2024,36.0,Airbus,AIR.DE,DAX,992.0,4.0,4.677,4:41/km,6.012333333333333,6:01/km,46.0,6:16/km,3:17/km,12:12/km,0.498,7.0,11.18,Industrials,Engineering Giants,18000,0.05511111111111111,5.511111111111111
2024,13.0,Allianz,ALV.DE,DAX,1456.0,9.0,4.297076023391813,4:18/km,5.6383040935672515,5:38/km,23.0,6:01/km,2:58/km,13:28/km,0.561,3.0,27.24,Finance,Corporate Marathoners,45000,0.032355555555555554,3.2355555555555555
2024,42.0,Amadeus Fire,AAD.DE,SDAX,159.0,11.0,4.7778187134502925,4:47/km,6.414166666666667,6:25/km,52.0,6:43/km,3:58/km,10:39/km,0.343,35.0,-34.63,Professional Services,Office Athletes,4200,0.03785714285714286,3.785714285714286
2024,,Aurubis,NDA.DE,,,,,,,,,,,,,,8.67,Materials,Heavy Industry,7000,,
2024,3.0,BMW,BMW.DE,DAX,1657.0,3.0,3.9330409356725142,3:56/km,4.872514619883041,4:52/km,2.0,4:58/km,2:51/km,11:55/km,0.661,2.0,-17.6,Automotive,Mobility Machines,88000,0.018829545454545453,1.8829545454545453
2024,10.0,Bayer,BAYN.DE,DAX,985.0,5.0,4.259649122807017,4:16/km,5.386549707602339,5:23/km,12.0,5:36/km,2:58/km,11:15/km,0.556,4.0,-43.51,Healthcare,Factory Endurance,35000,0.028142857142857143,2.8142857142857145
2024,7.0,Borussia Dortmund,BVB.DE,SDAX,28.0,1.0,4.185734463276836,4:11/km,5.359745762711864,5:22/km,11.0,5:33/km,3:49/km,7:33/km,0.27,45.0,-11.25,Media,Performance Culture,1000,0.028,2.8000000000000003
2024,37.0,CANCOM,COK.DE,SDAX,92.0,4.0,4.683040935672514,4:41/km,5.6335,5:38/km,22.0,6:01/km,3:50/km,10:06/km,0.349,34.0,-17.6,Technology,Office Athletes,4000,0.023,2.3
2024,,CENIT,CSH.DE,,,,,,,,,,,,,,-42.52,Technology,Office Athletes,900,,
2024,45.0,CTS Eventim,EVD.DE,MDAX,54.0,1.0,4.886388888888889,4:53/km,5.957222222222223,5:57/km,45.0,5:57/km,4:24/km,8:03/km,0.291,43.0,32.25,Media,Content Machines,3500,0.015428571428571429,1.542857142857143
2024,5.0,Carl Zeiss Meditec,AFX.DE,MDAX,113.0,2.0,4.137719298245614,4:08/km,5.305847953216374,5:18/km,10.0,5:25/km,3:26/km,9:24/km,0.387,28.0,-52.38,Healthcare,Precision Engineers,5000,0.0226,2.26
2024,20.0,Commerzbank,CBK.DE,DAX,57.0,5.0,4.497076023391813,4:30/km,5.824269005847953,5:49/km,37.0,5:47/km,3:45/km,7:22/km,0.301,42.0,45.53,Finance,Corporate Marathoners,36000,0.0015833333333333333,0.15833333333333333
2024,24.0,Continental,CON.DE,DAX,333.0,11.0,4.533050847457627,4:32/km,5.680999999999999,5:41/km,26.0,6:02/km,3:28/km,11:32/km,0.444,11.0,-13.31,Automotive,Factory Endurance,32000,0.01040625,1.0406250000000001
2024,44.0,Covestro,1COV.DE,DAX,273.0,1.0,4.8116666666666665,4:49/km,5.665666666666667,5:40/km,24.0,5:54/km,3:44/km,11:19/km,0.43,14.0,,Chemicals,Factory Endurance,8000,0.034125,3.4125
2024,43.0,DEUTZ,DEZ.DE,SDAX,267.0,1.0,4.7905,4:47/km,5.902666666666667,5:54/km,43.0,6:25/km,3:38/km,15:03/km,0.411,23.0,-14.69,Industrials,Heavy Industry,5000,0.0534,5.34
2024,,Dermapharm,DMP.DE,,,,,,,,,,,,,,-7.4,Healthcare,Care Providers,3000,,
2024,41.0,Deutsche Bank,DBK.DE,DAX,66.0,4.0,4.751912568306011,4:45/km,5.941166666666668,5:56/km,44.0,6:00/km,3:56/km,8:43/km,0.306,41.0,37.21,Finance,Corporate Marathoners,38000,0.001736842105263158,0.1736842105263158
2024,40.0,Deutsche Post,DHL.DE,DAX,355.0,9.0,4.70327868852459,4:42/km,5.87953216374269,5:53/km,42.0,6:02/km,3:02/km,10:54/km,0.434,12.0,-20.64,Logistics,Corporate Marathoners,190000,0.0018684210526315789,0.1868421052631579
2024,29.0,Deutsche Telekom,DTE.DE,DAX,205.0,4.0,4.610655737704918,4:37/km,5.8199453551912566,5:49/km,36.0,6:00/km,3:44/km,10:43/km,0.397,27.0,36.64,Telecom,Connected Operators,90000,0.002277777777777778,0.2277777777777778
2024,15.0,E.ON,EOAN.DE,DAX,150.0,4.0,4.314678362573099,4:19/km,5.2914102564102565,5:17/km,9.0,5:33/km,3:30/km,8:41/km,0.411,22.0,-3.95,Energy,Grid Operators,47000,0.0031914893617021275,0.3191489361702127
2024,16.0,Elmos Semiconductor,ELG.DE,SDAX,60.0,1.0,4.354943502824859,4:21/km,5.554237288135593,5:33/km,15.0,5:38/km,3:39/km,9:36/km,0.32,40.0,-3.04,Technology,Precision Engineers,1400,0.04285714285714286,4.285714285714286
2024,46.0,EnBW,EBK.DE,Other,28.0,3.0,4.887134502923977,4:53/km,5.721453216374268,5:43/km,29.0,6:00/km,4:31/km,8:32/km,0.253,49.0,-21.89,Energy,Grid Operators,28000,0.001,0.1
2024,,Evonik,EVK.DE,,,,,,,,,,,,,,-3.69,Chemicals,Factory Endurance,21000,,
2024,52.0,Fresenius,FRE.DE,DAX,51.0,2.0,5.186999999999999,5:11/km,6.370666666666667,6:22/km,51.0,6:37/km,4:36/km,12:00/km,0.268,46.0,15.37,Healthcare,Care Providers,90000,0.0005666666666666667,0.05666666666666667
2024,26.0,GEA,G1A.DE,MDAX,170.0,6.0,4.5593055555555555,4:34/km,5.805782163742689,5:48/km,33.0,5:57/km,3:36/km,10:52/km,0.384,29.0,33.34,Industrials,Engineering Giants,9000,0.01888888888888889,1.8888888888888888
2024,2.0,Gerresheimer,GXI.DE,MDAX,20.0,1.0,3.930833333333333,3:56/km,5.632222222222222,5:38/km,21.0,5:42/km,3:42/km,8:57/km,0.231,50.0,-22.5,Healthcare,Precision Engineers,5000,0.004,0.4
2024,53.0,HelloFresh,HFG.DE,MDAX,27.0,1.0,5.412638888888889,5:25/km,6.359999999999999,6:22/km,50.0,6:50/km,4:27/km,11:08/km,0.225,52.0,-11.3,Consumer,Digital Hustlers,4000,0.00675,0.675
2024,25.0,Henkel,HEN3.DE,DAX,209.0,1.0,4.550833333333333,4:33/km,5.512222222222223,5:31/km,13.0,5:43/km,3:29/km,11:35/km,0.421,17.0,18.13,Consumer,Consumer Lifestyle,9000,0.02322222222222222,2.322222222222222
2024,,Hochtief,HOT.DE,,,,,,,,,,,,,,33.36,Industrials,Infrastructure Operators,5000,,
2024,11.0,Infineon,IFX.DE,DAX,46.0,2.0,4.273538011695907,4:16/km,5.01798245614035,5:01/km,5.0,5:25/km,3:28/km,8:53/km,0.331,37.0,-14.37,Technology,Precision Engineers,20000,0.0023,0.22999999999999998
2024,8.0,Knorr-Bremse,KBX.DE,DAX,117.0,1.0,4.187426900584795,4:11/km,4.941520467836257,4:56/km,4.0,5:11/km,3:20/km,8:41/km,0.419,19.0,21.4,Industrials,Engineering Giants,15000,0.0078,0.7799999999999999
2024,49.0,LPKF Laser & Electronics,LPK.DE,SDAX,37.0,1.0,5.046025641025641,5:03/km,5.86051282051282,5:52/km,40.0,6:08/km,4:35/km,10:09/km,0.268,47.0,-9.88,Technology,Precision Engineers,800,0.04625,4.625
2024,4.0,MTU Aero Engines,MTX.DE,DAX,441.0,2.0,4.044152046783625,4:03/km,4.935384615384615,4:56/km,3.0,5:06/km,3:11/km,8:23/km,0.536,6.0,66.54,Industrials,Precision Engineers,12000,0.03675,3.675
2024,34.0,Mercedes-Benz,MBG.DE,DAX,216.0,4.0,4.663583333333333,4:40/km,5.679027777777778,5:41/km,25.0,5:58/km,3:47/km,10:42/km,0.411,24.0,-8.43,Automotive,Mobility Machines,95000,0.0022736842105263158,0.22736842105263158
2024,33.0,Merck,MRK.DE,DAX,24.0,4.0,4.646783625730994,4:39/km,6.057333333333334,6:03/km,47.0,6:09/km,4:28/km,9:09/km,0.228,51.0,-0.45,Healthcare,Precision Engineers,13000,0.0018461538461538461,0.1846153846153846
2024,6.0,Munich Re,MUV2.DE,DAX,205.0,1.0,4.142690058479532,4:09/km,5.135964912280701,5:08/km,6.0,5:21/km,3:19/km,10:05/km,0.45,10.0,35.29,Finance,Corporate Marathoners,12000,0.017083333333333332,1.7083333333333333
2024,51.0,OVB Holding,O4B.DE,Other,21.0,1.0,5.078,5:05/km,6.649666666666667,6:39/km,53.0,6:59/km,4:14/km,12:14/km,0.199,53.0,11.05,Finance,Corporate Marathoners,700,0.03,3.0
2024,9.0,Puma,PUM.DE,MDAX,113.0,1.0,4.259016393442623,4:16/km,5.584426229508198,5:35/km,19.0,5:35/km,3:19/km,9:39/km,0.368,32.0,-9.26,Consumer,Consumer Lifestyle,2500,0.0452,4.52
2024,21.0,Qiagen,QIA.DE,DAX,80.0,1.0,4.500694444444444,4:30/km,5.861805555555555,5:52/km,41.0,6:12/km,3:59/km,10:24/km,0.325,38.0,8.38,Healthcare,Precision Engineers,1000,0.08,8.0
2024,47.0,RTL Group,RRTL.DE,MDAX,98.0,2.0,4.910166666666667,4:55/km,6.215666666666667,6:13/km,48.0,6:07/km,4:10/km,8:00/km,0.32,39.0,-17.61,Media,Content Machines,2000,0.049,4.9
2024,32.0,RWE,RWE.DE,DAX,272.0,10.0,4.645666666666667,4:39/km,5.8015,5:48/km,32.0,6:05/km,3:45/km,10:26/km,0.42,18.0,-28.3,Energy,Grid Operators,11000,0.024727272727272726,2.4727272727272727
2024,35.0,Rheinmetall,RHM.DE,DAX,206.0,3.0,4.671732456140351,4:40/km,5.603611111111111,5:36/km,20.0,5:52/km,3:30/km,10:27/km,0.413,21.0,108.77,Industrials,Heavy Industry,16000,0.012875,1.2874999999999999
2024,14.0,SAP,SAP.DE,DAX,153.0,3.0,4.307017543859649,4:18/km,5.289473684210526,5:17/km,8.0,5:32/km,3:38/km,10:38/km,0.413,20.0,74.23,Technology,Office Athletes,20000,0.00765,0.765
2024,,Schaeffler,SHA0.DE,,,,,,,,,,,,,,-19.57,Automotive,Factory Endurance,45000,,
2024,17.0,Siemens,SIE.DE,DAX,4600.0,14.0,4.4024182724570995,4:24/km,5.525433803086952,5:32/km,14.0,5:45/km,3:04/km,12:12/km,0.663,1.0,16.15,Industrials,Engineering Giants,86000,0.053488372093023255,5.348837209302325
2024,23.0,Siemens Energy,ENR.DE,DAX,1289.0,7.0,4.532096635030198,4:32/km,5.713661202185793,5:43/km,28.0,5:58/km,3:12/km,11:45/km,0.544,5.0,321.37,Energy,Engineering Giants,27000,0.04774074074074074,4.774074074074075
2024,,TRATON,8TRA.DE,,,,,,,,,,,,,,38.81,Automotive,Mobility Machines,8000,,
2024,39.0,TUI,TUI1.DE,MDAX,224.0,2.0,4.694871794871795,4:42/km,5.859230769230769,5:52/km,39.0,5:58/km,3:49/km,9:08/km,0.401,25.0,16.66,Consumer,Mobility Machines,10000,0.0224,2.2399999999999998
2024,22.0,Talanx,TLX.DE,MDAX,589.0,3.0,4.531666666666666,4:32/km,5.817692307692308,5:49/km,35.0,5:58/km,3:22/km,10:47/km,0.476,8.0,30.96,Finance,Corporate Marathoners,12000,0.04908333333333333,4.908333333333333
2024,30.0,TeamViewer,TMV.DE,MDAX,108.0,4.0,4.628833333333334,4:38/km,5.831333333333333,5:50/km,38.0,6:17/km,3:14/km,11:40/km,0.349,33.0,-30.24,Technology,Office Athletes,700,0.15428571428571428,15.428571428571427
2024,48.0,UmweltBank,UBK.DE,Other,39.0,1.0,4.976092896174864,4:59/km,5.7688524590163945,5:46/km,31.0,6:00/km,4:18/km,8:49/km,0.276,44.0,-21.32,Finance,Sustainable Finance,350,0.11142857142857143,11.142857142857142
2024,38.0,Uniper,UN0.DE,SDAX,165.0,3.0,4.683611111111111,4:41/km,5.811944444444445,5:49/km,34.0,6:04/km,3:38/km,12:25/km,0.382,30.0,-36.81,Energy,Grid Operators,7000,0.023571428571428573,2.357142857142857
2024,19.0,United Internet,UTDI.DE,MDAX,277.0,3.0,4.4606911217437535,4:28/km,5.760909090909091,5:46/km,30.0,5:55/km,3:28/km,9:23/km,0.424,15.0,-32.2,Telecom,Connected Operators,11000,0.02518181818181818,2.518181818181818
2024,28.0,Villeroy & Boch,VIB3.DE,SDAX,125.0,1.0,4.572955974842768,4:34/km,5.686163522012579,5:41/km,27.0,5:57/km,3:35/km,10:47/km,0.369,31.0,-10.12,Consumer,Consumer Lifestyle,4500,0.027777777777777776,2.7777777777777777
2024,31.0,Volkswagen,VOW3.DE,DAX,261.0,1.0,4.641794871794872,4:39/km,5.583589743589743,5:35/km,18.0,5:41/km,3:33/km,8:55/km,0.433,13.0,-15.09,Automotive,Mobility Machines,295000,0.0008847457627118644,0.08847457627118645
2024,12.0,Vonovia,VNA.DE,DAX,24.0,3.0,4.287134502923976,4:17/km,5.2463523391812865,5:15/km,7.0,5:20/km,3:56/km,6:26/km,0.263,48.0,8.54,Real Estate,Infrastructure Operators,12000,0.002,0.2
2024,1.0,Wacker Chemie,WCH.DE,MDAX,108.0,1.0,3.8320175438596498,3:50/km,4.80204678362573,4:48/km,1.0,4:55/km,3:11/km,7:37/km,0.423,16.0,-36.4,Chemicals,Factory Endurance,8000,0.0135,1.35
2024,18.0,adesso,ADN1.DE,SDAX,370.0,8.0,4.4313752276867024,4:26/km,5.564055555555555,5:34/km,17.0,5:45/km,3:07/km,12:20/km,0.462,9.0,-17.95,Technology,Office Athletes,10000,0.037,3.6999999999999997
2024,50.0,grenke,GLJ.DE,SDAX,130.0,6.0,5.051515151515151,5:03/km,6.282878787878788,6:17/km,49.0,6:33/km,3:33/km,10:02/km,0.336,36.0,-36.64,Finance,Corporate Marathoners,2200,0.05909090909090909,5.909090909090909
2024,27.0,thyssenkrupp,TKA.DE,MDAX,168.0,5.0,4.56339825552582,4:34/km,5.557123352165725,5:33/km,16.0,5:47/km,3:35/km,9:53/km,0.4,26.0,-35.85,Industrials,Heavy Industry,48000,0.0035,0.35000000000000003
2025,1.0,Adidas,ADS.DE,DAX,63.0,1.0,3.793715846994536,3:48/km,4.7631147540983605,4:46/km,1.0,5:00/km,3:08/km,6:55/km,0.378,28.0,-27.92,Consumer,Consumer Lifestyle,6000,0.0105,1.05
2025,34.0,Airbus,AIR.DE,DAX,497.0,4.0,4.632777777777777,4:38/km,5.768888888888889,5:46/km,26.0,5:59/km,3:41/km,10:43/km,0.467,8.0,26.45,Industrials,Engineering Giants,18000,0.02761111111111111,2.761111111111111
2025,33.0,Allianz,ALV.DE,DAX,1475.0,9.0,4.628654970760234,4:38/km,6.060818713450292,6:04/km,40.0,6:20/km,3:11/km,13:20/km,0.523,4.0,37.25,Finance,Corporate Marathoners,45000,0.03277777777777778,3.277777777777778
2025,40.0,Amadeus Fire,AAD.DE,SDAX,88.0,7.0,4.696114035087719,4:42/km,6.0361666666666665,6:02/km,38.0,6:24/km,4:01/km,10:30/km,0.322,39.0,-40.82,Professional Services,Office Athletes,4200,0.02095238095238095,2.0952380952380953
2025,52.0,Aurubis,NDA.DE,MDAX,56.0,1.0,5.4030000000000005,5:24/km,6.258333333333333,6:15/km,45.0,6:27/km,4:08/km,9:39/km,0.279,48.0,67.3,Materials,Heavy Industry,7000,0.008,0.8
2025,12.0,BMW,BMW.DE,DAX,1931.0,2.0,4.38625730994152,4:23/km,5.409649122807017,5:25/km,8.0,5:34/km,3:06/km,11:01/km,0.607,2.0,25.69,Automotive,Mobility Machines,88000,0.021943181818181817,2.194318181818182
2025,36.0,Bayer,BAYN.DE,DAX,1275.0,4.0,4.642397660818713,4:39/km,6.046491228070176,6:03/km,39.0,6:13/km,3:28/km,11:14/km,0.514,5.0,91.81,Healthcare,Factory Endurance,35000,0.03642857142857143,3.642857142857143
2025,23.0,Borussia Dortmund,BVB.DE,SDAX,56.0,1.0,4.543079096045197,4:33/km,5.540536723163842,5:32/km,14.0,5:41/km,3:56/km,8:43/km,0.316,41.0,5.01,Media,Performance Culture,1000,0.056,5.6000000000000005
2025,49.0,CANCOM,COK.DE,SDAX,90.0,3.0,5.10959649122807,5:07/km,6.3095,6:19/km,47.0,6:28/km,4:17/km,11:10/km,0.31,42.0,17.39,Technology,Office Athletes,4000,0.0225,2.25
2025,6.0,CENIT,CSH.DE,Other,35.0,5.0,4.273000000000001,4:16/km,5.514166666666667,5:31/km,12.0,5:41/km,4:13/km,8:11/km,0.28,47.0,-4.05,Technology,Office Athletes,900,0.03888888888888889,3.888888888888889
2025,46.0,CTS Eventim,EVD.DE,MDAX,80.0,2.0,4.925138888888889,4:56/km,6.208055555555556,6:12/km,43.0,6:20/km,4:04/km,10:48/km,0.307,44.0,-6.21,Media,Content Machines,3500,0.022857142857142857,2.2857142857142856
2025,25.0,Carl Zeiss Meditec,AFX.DE,MDAX,135.0,2.0,4.557309941520468,4:33/km,5.532748538011696,5:32/km,13.0,5:44/km,3:41/km,9:26/km,0.385,26.0,-13.3,Healthcare,Precision Engineers,5000,0.027,2.7
2025,3.0,Commerzbank,CBK.DE,DAX,45.0,4.0,4.110818713450293,4:07/km,5.544047619047619,5:33/km,15.0,5:36/km,3:54/km,7:53/km,0.298,45.0,138.04,Finance,Corporate Marathoners,36000,0.00125,0.125
2025,21.0,Continental,CON.DE,DAX,329.0,10.0,4.537981960551095,4:32/km,6.074545454545454,6:04/km,41.0,6:26/km,3:24/km,11:39/km,0.414,19.0,9.78,Automotive,Factory Endurance,32000,0.01028125,1.028125
2025,54.0,Covestro,1COV.DE,DAX,362.0,1.0,5.452333333333334,5:27/km,6.959,6:58/km,52.0,7:10/km,4:18/km,12:20/km,0.368,31.0,,Chemicals,Factory Endurance,8000,0.04525,4.5249999999999995
2025,57.0,DEUTZ,DEZ.DE,SDAX,252.0,1.0,5.639666666666667,5:38/km,7.137166666666667,7:08/km,53.0,8:12/km,4:13/km,34:05/km,0.336,35.0,111.96,Industrials,Heavy Industry,5000,0.0504,5.04
2025,8.0,Dermapharm,DMP.DE,SDAX,30.0,1.0,4.342690058479532,4:21/km,5.912573099415205,5:55/km,32.0,5:55/km,4:07/km,8:08/km,0.25,52.0,-1.83,Healthcare,Care Providers,3000,0.01,1.0
2025,37.0,Deutsche Bank,DBK.DE,DAX,62.0,2.0,4.661333333333333,4:40/km,5.5715,5:34/km,18.0,5:39/km,3:27/km,8:15/km,0.322,40.0,102.47,Finance,Corporate Marathoners,38000,0.001631578947368421,0.16315789473684209
2025,42.0,Deutsche Post,DHL.DE,DAX,464.0,11.0,4.826666666666666,4:50/km,6.296666666666667,6:18/km,46.0,6:40/km,3:02/km,13:16/km,0.423,15.0,44.78,Logistics,Corporate Marathoners,190000,0.0024421052631578948,0.2442105263157895
2025,28.0,Deutsche Telekom,DTE.DE,DAX,299.0,3.0,4.587295081967213,4:35/km,5.872131147540984,5:52/km,31.0,5:58/km,3:39/km,9:59/km,0.422,17.0,-2.4,Telecom,Connected Operators,90000,0.003322222222222222,0.3322222222222222
2025,24.0,E.ON,EOAN.DE,DAX,223.0,4.0,4.551794871794872,4:33/km,5.732456140350877,5:44/km,23.0,5:53/km,3:46/km,9:15/km,0.41,20.0,45.47,Energy,Grid Operators,47000,0.00474468085106383,0.474468085106383
2025,2.0,Elmos Semiconductor,ELG.DE,SDAX,58.0,1.0,3.884322033898305,3:53/km,5.251129943502825,5:15/km,4.0,5:13/km,3:34/km,7:23/km,0.336,36.0,45.68,Technology,Precision Engineers,1400,0.041428571428571426,4.142857142857142
2025,45.0,EnBW,EBK.DE,Other,33.0,3.0,4.910666666666667,4:55/km,5.976333333333334,5:59/km,37.0,6:23/km,4:08/km,12:27/km,0.254,50.0,14.66,Energy,Grid Operators,28000,0.0011785714285714286,0.11785714285714285
2025,51.0,Evonik,EVK.DE,MDAX,35.0,1.0,5.2876666666666665,5:17/km,7.464666666666668,7:28/km,55.0,7:19/km,5:03/km,11:01/km,0.207,56.0,-15.26,Chemicals,Factory Endurance,21000,0.0016666666666666668,0.16666666666666669
2025,55.0,Fresenius,FRE.DE,DAX,59.0,2.0,5.501833333333334,5:30/km,7.265666666666666,7:16/km,54.0,7:48/km,4:49/km,14:08/km,0.244,54.0,49.72,Healthcare,Care Providers,90000,0.0006555555555555556,0.06555555555555556
2025,38.0,GEA,G1A.DE,MDAX,153.0,6.0,4.6625000000000005,4:40/km,5.684426229508197,5:41/km,21.0,5:54/km,3:35/km,9:48/km,0.384,27.0,21.92,Industrials,Engineering Giants,9000,0.017,1.7000000000000002
2025,,Gerresheimer,GXI.DE,,,,,,,,,,,,,,-60.62,Healthcare,Precision Engineers,5000,,
2025,,HelloFresh,HFG.DE,,,,,,,,,,,,,,-51.53,Consumer,Digital Hustlers,4000,,
2025,,Henkel,HEN3.DE,,,,,,,,,,,,,,-13.81,Consumer,Consumer Lifestyle,9000,,
2025,48.0,Hochtief,HOT.DE,MDAX,55.0,3.0,5.103508771929825,5:06/km,7.904358974358974,7:54/km,57.0,7:16/km,4:16/km,9:57/km,0.22,55.0,162.62,Industrials,Infrastructure Operators,5000,0.011,1.0999999999999999
2025,13.0,Infineon,IFX.DE,DAX,469.0,2.0,4.406725146198831,4:24/km,5.473391812865497,5:28/km,10.0,5:37/km,3:30/km,9:13/km,0.488,7.0,21.28,Technology,Precision Engineers,20000,0.02345,2.3449999999999998
2025,29.0,Knorr-Bremse,KBX.DE,DAX,117.0,1.0,4.591812865497076,4:36/km,5.672807017543859,5:40/km,20.0,5:42/km,3:14/km,8:30/km,0.365,33.0,39.71,Industrials,Engineering Giants,15000,0.0078,0.7799999999999999
2025,39.0,LPKF Laser & Electronics,LPK.DE,SDAX,23.0,1.0,4.664871794871795,4:40/km,5.2299999999999995,5:14/km,2.0,5:24/km,3:52/km,7:00/km,0.26,49.0,-37.05,Technology,Precision Engineers,800,0.02875,2.875
2025,11.0,MTU Aero Engines,MTX.DE,DAX,420.0,2.0,4.384421952316689,4:23/km,5.249122807017544,5:15/km,3.0,5:22/km,3:17/km,9:21/km,0.5,6.0,11.19,Industrials,Precision Engineers,12000,0.035,3.5000000000000004
2025,44.0,Mercedes-Benz,MBG.DE,DAX,310.0,4.0,4.895277777777777,4:54/km,6.252833333333333,6:15/km,44.0,6:33/km,3:52/km,11:58/km,0.398,21.0,23.43,Automotive,Mobility Machines,95000,0.003263157894736842,0.32631578947368417
2025,,Merck,MRK.DE,,,,,,,,,,,,,,-11.01,Healthcare,Precision Engineers,13000,,
2025,16.0,Munich Re,MUV2.DE,DAX,265.0,1.0,4.461988304093567,4:28/km,5.553801169590644,5:33/km,17.0,5:47/km,3:36/km,10:16/km,0.436,13.0,18.32,Finance,Corporate Marathoners,12000,0.022083333333333333,2.2083333333333335
2025,56.0,OVB Holding,O4B.DE,Other,28.0,1.0,5.510833333333333,5:31/km,7.824666666666667,7:49/km,56.0,8:10/km,4:40/km,13:39/km,0.185,57.0,5.63,Finance,Corporate Marathoners,700,0.04,4.0
2025,5.0,Puma,PUM.DE,MDAX,98.0,1.0,4.271174863387978,4:16/km,5.290027322404372,5:17/km,5.0,5:22/km,3:13/km,8:24/km,0.376,29.0,-48.3,Consumer,Consumer Lifestyle,2500,0.0392,3.92
2025,43.0,Qiagen,QIA.DE,DAX,77.0,1.0,4.8718055555555555,4:52/km,6.3616666666666655,6:22/km,48.0,6:57/km,4:07/km,10:53/km,0.297,46.0,-10.31,Healthcare,Precision Engineers,1000,0.077,7.7
2025,53.0,RTL Group,RRTL.DE,MDAX,161.0,7.0,5.419333333333333,5:25/km,6.635,6:38/km,50.0,6:46/km,4:18/km,10:56/km,0.333,37.0,36.36,Media,Content Machines,2000,0.0805,8.05
2025,50.0,RWE,RWE.DE,DAX,355.0,11.0,5.270333333333333,5:16/km,6.884333333333333,6:53/km,51.0,7:11/km,3:40/km,15:47/km,0.37,30.0,58.2,Energy,Grid Operators,11000,0.03227272727272727,3.227272727272727
2025,32.0,Rheinmetall,RHM.DE,DAX,284.0,3.0,4.618888888888889,4:37/km,5.919027777777778,5:55/km,35.0,6:08/km,3:30/km,11:44/km,0.414,18.0,159.75,Industrials,Heavy Industry,16000,0.01775,1.775
2025,27.0,SAP,SAP.DE,DAX,187.0,5.0,4.583040935672514,4:35/km,5.817836257309942,5:49/km,27.0,6:14/km,3:27/km,15:06/km,0.39,25.0,-11.87,Technology,Office Athletes,20000,0.00935,0.935
2025,7.0,Schaeffler,SHA0.DE,MDAX,238.0,2.0,4.294535519125684,4:18/km,5.404371584699454,5:24/km,7.0,5:32/km,3:29/km,9:02/km,0.44,12.0,107.51,Automotive,Factory Endurance,45000,0.005288888888888889,0.5288888888888889
2025,22.0,Siemens,SIE.DE,DAX,5337.0,14.0,4.54025641025641,4:32/km,5.6948087431694,5:42/km,22.0,5:55/km,3:10/km,12:15/km,0.655,1.0,29.41,Industrials,Engineering Giants,86000,0.06205813953488372,6.205813953488372
2025,35.0,Siemens Energy,ENR.DE,DAX,1621.0,8.0,4.635672514619883,4:38/km,5.761,5:46/km,24.0,6:01/km,3:10/km,12:04/km,0.557,3.0,136.82,Energy,Engineering Giants,27000,0.060037037037037035,6.003703703703703
2025,18.0,TRATON,8TRA.DE,MDAX,23.0,1.0,4.508479532163743,4:31/km,5.46812865497076,5:28/km,9.0,5:20/km,3:57/km,7:20/km,0.249,53.0,14.23,Automotive,Mobility Machines,8000,0.002875,0.2875
2025,31.0,TUI,TUI1.DE,MDAX,232.0,2.0,4.615641025641025,4:37/km,5.938846153846154,5:56/km,36.0,6:02/km,3:47/km,9:49/km,0.398,22.0,7.36,Consumer,Mobility Machines,10000,0.0232,2.32
2025,20.0,Talanx,TLX.DE,MDAX,506.0,2.0,4.522564102564102,4:31/km,5.864987179487179,5:52/km,30.0,6:02/km,3:12/km,12:14/km,0.461,9.0,42.18,Finance,Corporate Marathoners,12000,0.042166666666666665,4.216666666666667
2025,26.0,TeamViewer,TMV.DE,MDAX,107.0,3.0,4.58,4:35/km,6.1804093567251455,6:11/km,42.0,6:27/km,4:05/km,14:17/km,0.328,38.0,-37.59,Technology,Office Athletes,700,0.15285714285714286,15.285714285714286
2025,47.0,UmweltBank,UBK.DE,Other,95.0,1.0,5.066120218579235,5:04/km,6.442349726775957,6:27/km,49.0,6:45/km,4:30/km,10:18/km,0.307,43.0,-42.51,Finance,Sustainable Finance,350,0.2714285714285714,27.142857142857142
2025,30.0,Uniper,UN0.DE,SDAX,190.0,3.0,4.596638888888889,4:36/km,5.764,5:46/km,25.0,5:54/km,3:36/km,10:00/km,0.395,23.0,-19.63,Energy,Grid Operators,7000,0.027142857142857142,2.7142857142857144
2025,10.0,United Internet,UTDI.DE,MDAX,376.0,4.0,4.37409090909091,4:22/km,5.822575757575757,5:49/km,28.0,6:05/km,3:19/km,12:33/km,0.442,10.0,80.56,Telecom,Connected Operators,11000,0.03418181818181818,3.418181818181818
2025,4.0,Villeroy & Boch,VIB3.DE,SDAX,104.0,1.0,4.238364779874214,4:14/km,5.491037735849057,5:29/km,11.0,5:39/km,3:22/km,9:46/km,0.367,32.0,15.16,Consumer,Consumer Lifestyle,4500,0.02311111111111111,2.311111111111111
2025,19.0,Volkswagen,VOW3.DE,DAX,227.0,2.0,4.5110256410256415,4:31/km,5.581538461538462,5:35/km,19.0,5:42/km,3:32/km,10:06/km,0.422,16.0,26.35,Automotive,Mobility Machines,295000,0.0007694915254237288,0.07694915254237288
2025,17.0,Vonovia,VNA.DE,DAX,31.0,3.0,4.482163742690059,4:29/km,5.91578947368421,5:55/km,33.0,5:59/km,4:13/km,8:40/km,0.252,51.0,-13.7,Real Estate,Infrastructure Operators,12000,0.0025833333333333333,0.2583333333333333
2025,14.0,Wacker Chemie,WCH.DE,MDAX,124.0,1.0,4.443567251461988,4:27/km,5.3046783625730995,5:18/km,6.0,5:34/km,3:06/km,8:49/km,0.395,24.0,2.46,Chemicals,Factory Endurance,8000,0.0155,1.55
2025,41.0,adesso,ADN1.DE,SDAX,410.0,10.0,4.768384502923977,4:46/km,5.916102339181286,5:55/km,34.0,6:05/km,2:55/km,10:13/km,0.442,11.0,0.63,Technology,Office Athletes,10000,0.041,4.1000000000000005
2025,9.0,grenke,GLJ.DE,SDAX,119.0,5.0,4.362121212121211,4:22/km,5.851212121212121,5:51/km,29.0,6:00/km,3:12/km,11:01/km,0.355,34.0,0.41,Finance,Corporate Marathoners,2200,0.05409090909090909,5.409090909090909
2025,15.0,thyssenkrupp,TKA.DE,MDAX,232.0,5.0,4.458333333333333,4:27/km,5.5480197740112995,5:33/km,16.0,5:49/km,3:25/km,10:19/km,0.426,14.0,138.55,Industrials,Heavy Industry,48000,0.004833333333333334,0.48333333333333334
