company_name,ticker,index,sector,cluster,germany_employees_estimate,confidence
Airbus,AIR.DE,DAX,Industrials,Engineering Giants,45000,medium
Adidas,ADS.DE,DAX,Consumer,Consumer Lifestyle,6500,medium
Allianz,ALV.DE,DAX,Finance,Corporate Marathoners,45000,medium
Aurubis,NDA.DE,MDAX,Materials,Heavy Industry,4200,medium
BASF,BAS.DE,DAX,Chemicals,Factory Endurance,50000,medium
Bayer,BAYN.DE,DAX,Healthcare,Factory Endurance,22000,medium
Beiersdorf,BEI.DE,DAX,Consumer,Consumer Lifestyle,3500,medium
BMW,BMW.DE,DAX,Automotive,Mobility Machines,85000,medium
Brenntag,BNR.DE,DAX,Chemicals,Factory Endurance,3000,low
Carl Zeiss Meditec,AFX.DE,MDAX,Healthcare,Precision Engineers,4500,medium
Commerzbank,CBK.DE,DAX,Finance,Corporate Marathoners,29000,medium
Continental,CON.DE,DAX,Automotive,Factory Endurance,32000,medium
Covestro,1COV.DE,DAX,Chemicals,Factory Endurance,8000,medium
Delivery Hero,DHER.DE,MDAX,Technology,Digital Hustlers,2000,low
Deutsche Bank,DBK.DE,DAX,Finance,Corporate Marathoners,38000,medium
Deutsche Boerse,DB1.DE,DAX,Finance,Corporate Marathoners,4000,high
Deutsche Lufthansa,LHA.DE,MDAX,Logistics,Mobility Machines,66000,medium
Deutsche Post,DHL.DE,DAX,Logistics,Corporate Marathoners,190000,medium
Deutsche Telekom,DTE.DE,DAX,Telecom,Connected Operators,74550,high
Daimler Truck,DTG.DE,DAX,Automotive,Mobility Machines,28000,medium
E.ON,EOAN.DE,DAX,Energy,Grid Operators,47000,medium
Evonik,EVK.DE,MDAX,Chemicals,Factory Endurance,20000,medium
Fraport,FRA.DE,MDAX,Logistics,Infrastructure Operators,19000,medium
Freenet,FNTN.DE,MDAX,Telecom,Connected Operators,3500,medium
Fresenius,FRE.DE,DAX,Healthcare,Care Providers,85000,medium
Fresenius Medical Care,FME.DE,DAX,Healthcare,Care Providers,7500,low
GEA,G1A.DE,MDAX,Industrials,Engineering Giants,6000,medium
Gerresheimer,GXI.DE,MDAX,Healthcare,Precision Engineers,3000,low
Hannover Rueck,HNR1.DE,DAX,Finance,Corporate Marathoners,2000,medium
Heidelberg Materials,HEI.DE,DAX,Materials,Heavy Industry,5000,low
HelloFresh,HFG.DE,MDAX,Consumer,Digital Hustlers,3500,low
Henkel,HEN3.DE,DAX,Consumer,Consumer Lifestyle,9000,medium
Hochtief,HOT.DE,MDAX,Industrials,Infrastructure Operators,5000,low
Infineon,IFX.DE,DAX,Technology,Precision Engineers,15000,medium
Jenoptik,JEN.DE,MDAX,Technology,Precision Engineers,3500,medium
KION,KGX.DE,MDAX,Industrials,Engineering Giants,10000,medium
Knorr-Bremse,KBX.DE,DAX,Industrials,Engineering Giants,6000,low
LANXESS,LXS.DE,MDAX,Chemicals,Factory Endurance,6724,high
Mercedes-Benz,MBG.DE,DAX,Automotive,Mobility Machines,90000,medium
Merck,MRK.DE,DAX,Healthcare,Precision Engineers,13000,medium
MTU Aero Engines,MTX.DE,DAX,Industrials,Precision Engineers,10000,medium
Munich Re,MUV2.DE,DAX,Finance,Corporate Marathoners,28000,low
Nemetschek,NEM.DE,DAX,Technology,Office Athletes,1500,low
Porsche,P911.DE,DAX,Automotive,Mobility Machines,41000,medium
Puma,PUM.DE,MDAX,Consumer,Consumer Lifestyle,2000,low
Qiagen,QIA.DE,DAX,Healthcare,Precision Engineers,2500,low
Rational,RAA.DE,MDAX,Industrials,Precision Engineers,1600,medium
Rheinmetall,RHM.DE,DAX,Industrials,Heavy Industry,16000,medium
RWE,RWE.DE,DAX,Energy,Grid Operators,11000,medium
SAP,SAP.DE,DAX,Technology,Office Athletes,25000,medium
Sartorius,SRT3.DE,DAX,Healthcare,Precision Engineers,5500,medium
Scout24,G24.DE,DAX,Technology,Digital Hustlers,1200,medium
Siemens Energy,ENR.DE,DAX,Energy,Engineering Giants,27000,medium
Siemens Healthineers,SHL.DE,DAX,Healthcare,Precision Engineers,24000,medium
Siemens,SIE.DE,DAX,Industrials,Engineering Giants,86000,medium
Symrise,SY1.DE,DAX,Consumer,Consumer Lifestyle,3500,low
TeamViewer,TMV.DE,MDAX,Technology,Office Athletes,700,medium
United Internet,UTDI.DE,MDAX,Telecom,Connected Operators,9000,medium
Volkswagen,VOW3.DE,DAX,Automotive,Mobility Machines,293338,high
Vonovia,VNA.DE,DAX,Real Estate,Infrastructure Operators,12000,medium
Wacker Chemie,WCH.DE,MDAX,Chemicals,Factory Endurance,10657,high
Zalando,ZAL.DE,DAX,Consumer,Digital Hustlers,8000,medium
Talanx,TLX.DE,MDAX,Finance,Corporate Marathoners,12000,medium
adesso,ADN1.DE,SDAX,Technology,Office Athletes,10000,medium
DEUTZ,DEZ.DE,SDAX,Industrials,Heavy Industry,4200,medium
Schaeffler,SHA0.DE,MDAX,Automotive,Factory Endurance,39000,medium
TUI,TUI1.DE,MDAX,Consumer,Mobility Machines,9500,low
RTL Group,RRTL.DE,MDAX,Media,Content Machines,8000,low
grenke,GLJ.DE,SDAX,Finance,Corporate Marathoners,1100,low
Villeroy & Boch,VIB3.DE,SDAX,Consumer,Consumer Lifestyle,2000,low
UmweltBank,UBK.DE,Other,Finance,Sustainable Finance,350,medium
Uniper,UN0.DE,SDAX,Energy,Grid Operators,5000,medium
thyssenkrupp,TKA.DE,MDAX,Industrials,Heavy Industry,48000,medium
CANCOM,COK.DE,SDAX,Technology,Office Athletes,4000,medium
Elmos Semiconductor,ELG.DE,SDAX,Technology,Precision Engineers,1400,medium
Borussia Dortmund,BVB.DE,SDAX,Media,Performance Culture,1000,low
CENIT,CSH.DE,Other,Technology,Office Athletes,700,low
Dermapharm,DMP.DE,SDAX,Healthcare,Care Providers,2000,low
OVB Holding,O4B.DE,Other,Finance,Corporate Marathoners,250,low
EnBW,EBK.DE,Other,Energy,Grid Operators,28000,medium
TRATON,8TRA.DE,MDAX,Automotive,Mobility Machines,35000,low
LPKF Laser & Electronics,LPK.DE,SDAX,Technology,Precision Engineers,700,low
CTS Eventim,EVD.DE,MDAX,Media,Content Machines,2500,low
Amadeus Fire,AAD.DE,SDAX,Professional Services,Office Athletes,4200,medium
PSI Software,PSAN.DE,SDAX,Technology,Office Athletes,1700,low