year,matched_company,ticker,start_price,end_price,yearly_return_pct
2023,Adidas,ADS.DE,123.31,178.57,44.82
2024,Adidas,ADS.DE,176.69,230.32,30.35
2025,Adidas,ADS.DE,230.22,165.94,-27.92
2023,Puma,PUM.DE,53.16,48.39,-8.98
2024,Puma,PUM.DE,48.35,43.87,-9.26
2025,Puma,PUM.DE,43.13,22.3,-48.3
2023,UmweltBank,UBK.DE,13.6,7.86,-42.22
2024,UmweltBank,UBK.DE,7.88,6.2,-21.32
2025,UmweltBank,UBK.DE,6.14,3.53,-42.51
2023,Villeroy & Boch,VIB3.DE,13.64,15.26,11.88
2024,Villeroy & Boch,VIB3.DE,15.26,13.72,-10.12
2025,Villeroy & Boch,VIB3.DE,13.58,15.64,15.16
2023,Siemens Energy,ENR.DE,17.12,11.95,-30.19
2024,Siemens Energy,ENR.DE,11.83,49.87,321.37
2025,Siemens Energy,ENR.DE,50.62,119.89,136.82
2023,Wacker Chemie,WCH.DE,104.62,106.83,2.11
2024,Wacker Chemie,WCH.DE,105.94,67.38,-36.4
2025,Wacker Chemie,WCH.DE,67.69,69.35,2.46
2023,HelloFresh,HFG.DE,21.11,14.31,-32.21
2024,HelloFresh,HFG.DE,13.85,12.28,-11.3
2025,HelloFresh,HFG.DE,12.7,6.16,-51.53
2023,Siemens,SIE.DE,117.34,158.08,34.72
2024,Siemens,SIE.DE,156.18,181.41,16.15
2025,Siemens,SIE.DE,180.95,234.17,29.41
2023,Continental,CON.DE,51.42,68.55,33.3
2024,Continental,CON.DE,69.06,59.87,-13.31
2025,Continental,CON.DE,59.3,65.1,9.78
2023,MTU Aero Engines,MTX.DE,198.2,190.06,-4.11
2024,MTU Aero Engines,MTX.DE,189.87,316.2,66.54
2025,MTU Aero Engines,MTX.DE,315.91,351.27,11.19
2023,Deutsche Telekom,DTE.DE,16.69,19.77,18.47
2024,Deutsche Telekom,DTE.DE,19.96,27.28,36.64
2025,Deutsche Telekom,DTE.DE,27.45,26.79,-2.4
2023,Carl Zeiss Meditec,AFX.DE,112.04,94.87,-15.32
2024,Carl Zeiss Meditec,AFX.DE,92.63,44.11,-52.38
2025,Carl Zeiss Meditec,AFX.DE,45.12,39.12,-13.3
2023,BMW,BMW.DE,70.65,90.04,27.45
2024,BMW,BMW.DE,90.94,74.94,-17.6
2025,BMW,BMW.DE,74.1,93.14,25.69
2023,E.ON,EOAN.DE,8.15,10.92,34.02
2024,E.ON,EOAN.DE,10.95,10.52,-3.95
2025,E.ON,EOAN.DE,10.76,15.65,45.47
2023,Aurubis,NDA.DE,72.95,70.55,-3.29
2024,Aurubis,NDA.DE,68.54,74.48,8.67
2025,Aurubis,NDA.DE,73.51,122.98,67.3
2023,Infineon,IFX.DE,27.68,36.78,32.89
2024,Infineon,IFX.DE,36.06,30.88,-14.37
2025,Infineon,IFX.DE,30.87,37.44,21.28
2023,Deutsche Post,DHL.DE,31.33,39.03,24.58
2024,Deutsche Post,DHL.DE,39.07,31.01,-20.64
2025,Deutsche Post,DHL.DE,30.95,44.81,44.78
2023,RWE,RWE.DE,37.46,37.9,1.17
2024,RWE,RWE.DE,37.83,27.13,-28.3
2025,RWE,RWE.DE,28.06,44.38,58.2
2023,RTL Group,RRTL.DE,27.07,25.4,-6.16
2024,RTL Group,RRTL.DE,25.93,21.36,-17.61
2025,RTL Group,RRTL.DE,21.6,29.45,36.36
2023,adesso,ADN1.DE,131.92,105.75,-19.84
2024,adesso,ADN1.DE,106.34,87.26,-17.95
2025,adesso,ADN1.DE,88.15,88.7,0.63
2023,Talanx,TLX.DE,38.4,58.94,53.47
2024,Talanx,TLX.DE,58.8,77.0,30.96
2025,Talanx,TLX.DE,77.43,110.09,42.18
2023,Bayer,BAYN.DE,46.96,33.24,-29.21
2024,Bayer,BAYN.DE,33.93,19.17,-43.51
2025,Bayer,BAYN.DE,19.24,36.9,91.81
2023,SAP,SAP.DE,92.18,134.23,45.61
2024,SAP,SAP.DE,132.17,230.28,74.23
2025,SAP,SAP.DE,232.47,204.87,-11.87
2023,Volkswagen,VOW3.DE,96.97,97.02,0.05
2024,Volkswagen,VOW3.DE,97.96,83.18,-15.09
2025,Volkswagen,VOW3.DE,81.96,103.55,26.35
2023,Airbus,AIR.DE,105.95,132.21,24.79
2024,Airbus,AIR.DE,133.4,148.32,11.18
2025,Airbus,AIR.DE,153.84,194.52,26.45
2023,Allianz,ALV.DE,167.55,210.51,25.64
2024,Allianz,ALV.DE,213.12,271.18,27.24
2025,Allianz,ALV.DE,272.01,373.32,37.25
2023,Rheinmetall,RHM.DE,190.65,282.43,48.14
2024,Rheinmetall,RHM.DE,294.44,614.69,108.77
2025,Rheinmetall,RHM.DE,600.96,1561.0,159.75
2023,Knorr-Bremse,KBX.DE,47.05,55.18,17.29
2024,Knorr-Bremse,KBX.DE,55.22,67.04,21.4
2025,Knorr-Bremse,KBX.DE,66.8,93.32,39.71
2023,Vonovia,VNA.DE,20.15,26.5,31.51
2024,Vonovia,VNA.DE,26.05,28.27,8.54
2025,Vonovia,VNA.DE,28.44,24.54,-13.7
2023,Amadeus Fire,AAD.DE,101.52,111.59,9.92
2024,Amadeus Fire,AAD.DE,110.5,72.23,-34.63
2025,Amadeus Fire,AAD.DE,73.09,43.25,-40.82
2023,DEUTZ,DEZ.DE,3.79,4.54,19.99
2024,DEUTZ,DEZ.DE,4.61,3.94,-14.69
2025,DEUTZ,DEZ.DE,4.01,8.5,111.96
2023,Uniper,UN0.DE,62.2,58.0,-6.75
2024,Uniper,UN0.DE,61.5,38.86,-36.81
2025,Uniper,UN0.DE,40.81,32.8,-19.63
2023,CANCOM,COK.DE,25.5,27.62,8.28
2024,CANCOM,COK.DE,27.22,22.43,-17.6
2025,CANCOM,COK.DE,22.7,26.65,17.39
2023,EnBW,EBK.DE,82.44,74.09,-10.13
2024,EnBW,EBK.DE,73.34,57.28,-21.89
2025,EnBW,EBK.DE,57.86,66.34,14.66
2023,Fresenius,FRE.DE,24.98,27.42,9.79
2024,Fresenius,FRE.DE,28.35,32.7,15.37
2025,Fresenius,FRE.DE,32.71,48.98,49.72
2023,Hochtief,HOT.DE,46.86,91.61,95.5
2024,Hochtief,HOT.DE,92.52,123.38,33.36
2025,Hochtief,HOT.DE,126.44,332.05,162.62
2023,Gerresheimer,GXI.DE,62.92,93.17,48.09
2024,Gerresheimer,GXI.DE,91.54,70.94,-22.5
2025,Gerresheimer,GXI.DE,70.04,27.58,-60.62
2023,Munich Re,MUV2.DE,261.1,333.84,27.86
2024,Munich Re,MUV2.DE,336.24,454.89,35.29
2025,Munich Re,MUV2.DE,453.5,536.58,18.32
2023,Borussia Dortmund,BVB.DE,3.69,3.47,-5.91
2024,Borussia Dortmund,BVB.DE,3.52,3.12,-11.25
2025,Borussia Dortmund,BVB.DE,3.14,3.3,5.01
2023,Elmos Semiconductor,ELG.DE,51.24,72.2,40.92
2024,Elmos Semiconductor,ELG.DE,69.18,67.08,-3.04
2025,Elmos Semiconductor,ELG.DE,66.58,97.0,45.68
2023,United Internet,UTDI.DE,18.1,22.55,24.58
2024,United Internet,UTDI.DE,23.11,15.67,-32.2
2025,United Internet,UTDI.DE,15.33,27.68,80.56
2023,Commerzbank,CBK.DE,8.28,10.22,23.47
2024,Commerzbank,CBK.DE,10.39,15.12,45.53
2025,Commerzbank,CBK.DE,15.17,36.1,138.04
2023,Qiagen,QIA.DE,44.96,38.81,-13.67
2024,Qiagen,QIA.DE,39.15,42.43,8.38
2025,Qiagen,QIA.DE,43.01,38.57,-10.31
2023,Henkel,HEN3.DE,58.24,66.7,14.53
2024,Henkel,HEN3.DE,67.09,79.25,18.13
2025,Henkel,HEN3.DE,78.12,67.33,-13.81
2023,GEA,G1A.DE,34.56,35.17,1.77
2024,GEA,G1A.DE,34.67,46.23,33.34
2025,GEA,G1A.DE,46.37,56.53,21.92
2023,thyssenkrupp,TKA.DE,5.31,5.88,10.69
2024,thyssenkrupp,TKA.DE,5.89,3.78,-35.85
2025,thyssenkrupp,TKA.DE,3.84,9.15,138.55
2023,TeamViewer,TMV.DE,12.05,14.06,16.68
2024,TeamViewer,TMV.DE,13.77,9.6,-30.24
2025,TeamViewer,TMV.DE,9.69,6.05,-37.59
2023,Merck,MRK.DE,168.4,136.66,-18.85
2024,Merck,MRK.DE,135.29,134.68,-0.45
2025,Merck,MRK.DE,135.06,120.19,-11.01
2023,Mercedes-Benz,MBG.DE,47.12,49.9,5.91
2024,Mercedes-Benz,MBG.DE,50.52,46.27,-8.43
2025,Mercedes-Benz,MBG.DE,45.48,56.13,23.43
2023,TUI,TUI1.DE,8.31,6.98,-15.91
2024,TUI,TUI1.DE,7.09,8.27,16.66
2025,TUI,TUI1.DE,8.27,8.88,7.36
2023,Deutsche Bank,DBK.DE,10.02,11.69,16.64
2024,Deutsche Bank,DBK.DE,11.8,16.19,37.21
2025,Deutsche Bank,DBK.DE,16.35,33.11,102.47
2023,CTS Eventim,EVD.DE,56.38,60.59,7.47
2024,CTS Eventim,EVD.DE,60.83,80.45,32.25
2025,CTS Eventim,EVD.DE,83.7,78.5,-6.21
2023,LPKF Laser & Electronics,LPK.DE,9.94,9.94,0.1
2024,LPKF Laser & Electronics,LPK.DE,10.12,9.12,-9.88
2025,LPKF Laser & Electronics,LPK.DE,8.88,5.59,-37.05
2023,grenke,GLJ.DE,18.66,23.05,23.51
2024,grenke,GLJ.DE,23.0,14.57,-36.64
2025,grenke,GLJ.DE,15.08,15.14,0.41
2023,OVB Holding,O4B.DE,19.6,17.22,-12.13
2024,OVB Holding,O4B.DE,17.22,19.12,11.05
2025,OVB Holding,O4B.DE,19.12,20.2,5.63
2023,CENIT,CSH.DE,11.7,12.21,4.41
2024,CENIT,CSH.DE,12.96,7.45,-42.52
2025,CENIT,CSH.DE,7.65,7.34,-4.05
2023,Schaeffler,SHA0.DE,5.12,4.69,-8.3
2024,Schaeffler,SHA0.DE,4.77,3.84,-19.57
2025,Schaeffler,SHA0.DE,3.89,8.06,107.51
2023,Dermapharm,DMP.DE,35.16,40.24,14.44
2024,Dermapharm,DMP.DE,40.5,37.5,-7.4
2025,Dermapharm,DMP.DE,40.08,39.35,-1.83
2023,TRATON,8TRA.DE,12.55,19.24,53.34
2024,TRATON,8TRA.DE,19.1,26.51,38.81
2025,TRATON,8TRA.DE,26.7,30.5,14.23
2023,Evonik,EVK.DE,15.34,16.41,6.98
2024,Evonik,EVK.DE,16.37,15.76,-3.69
2025,Evonik,EVK.DE,15.77,13.36,-15.26
